employee_id,name,role,department,salt,sha256,last_changed
EX-0001,"Priya Raman","CEO",EX,EX-0001-Q2-26,4a6279533e5dd8216157bbabd5bb3da76822da49eb524a8304068b6c00b7a343,2026-04-02
EX-0002,"Dennis Okafor","COO",EX,EX-0002-Q2-26,4eafcaf2cb6586ffa80f80e7665ff70d3783871dd80564515fca175361dc1850,2026-04-03
EX-0007,"Rowan Aldous","Director, Everything",EX,#N/A,675864532a0e01f21147f6ec3b7441868c1ae1d807b0d0f2d2a0b1c0b018edc8,2026-04-14
EX-0009,"Marit Voss","General Counsel",EX,EX-0009-Q2-26,f899bca6f980c7112ed860630b701c760c9672d3cce3c7e37b31f90ed987c852,2026-04-14
ENG-0114,"Teodor Brak","Staff Engineer",ENG,ENG-0114-Q1-26,69eb5ccd72c3d77856faa970fda53631a7a919fa25fb7bc13dbc4dd0289cdb3f,2026-01-08
ENG-0117,"Anselm Petz","Engineer",ENG,ENG-0117-Q1-26,6409819d77954d2303df0ab9066810b34f533b2e17babf7f8c6bad861a5bd72b,2026-01-09
ENG-0121,"Junie Marchetti","Engineer",ENG,ENG-0121-Q1-26,2648011af8e12b9f8995799ad6ca4e80e3c76ed4e2e539ca13cc656af7a1c451,2026-01-12
ENG-0130,"Cass Odongo","Site Reliability",ENG,ENG-0130-Q1-26,6dd034ad46f6c38e34a71d3b0c72b3c8d495a6b3fdbebbe1c8a7a78389f68be8,2026-02-02
ENG-0141,"Bea Lindqvist","Engineer",ENG,ENG-0141-Q1-26,140851a98640a0a3a6c9a0712a1373eae772c259333b81087012f0479235a690,2026-02-06
FAC-0342,"Gerry Tun","Facilities Lead",FAC,FAC-0342-Q1-26,2082bbb48961598656b3f07b1770a2c88c9592345ab65ce184de6f45e07155a5,2026-01-15
FAC-0348,"Sol Ibarra","Facilities",FAC,FAC-0348-Q1-26,14ce714b5c76744bb1644fa322a10dd38ce727067531cc6a9fda5069d85c4b58,2026-01-16
FAC-0351,"Nia Cormac","Facilities",FAC,FAC-0351-Q1-26,6677cecfd785a6230d5a9b6133f8fe6e63e8245fb517e3e25bde758d6e7932b5,2026-03-05
IT-0220,"Wim Delacroix","IT Support",IT,IT-0220-Q1-26,211e9b9d5c1077f3fedf24b2333beda8c5f658cc7069cb0a9d2aeb9b66d3c655,2026-01-20
IT-0224,"Rae Kettle","IT Support",IT,IT-0224-Q1-26,9207c660c1b0360bb4dd7157fe5d97360e3ee5dff7189d5603a61fe0d2ec14fb,2026-01-21
IT-0231,"Ode Ferrers","Sysadmin",IT,IT-0231-Q1-26,bd1248da5823a8193073517360dad732bc70eaedf9f6d423d2546b9524e885af,2026-02-17
LEG-0401,"Sybil Grahn","Counsel",LEG,LEG-0401-Q2-26,06d95445a6ba9d915848fd12cd96094d0ae99fb45d74a00c2aff1db3ef715e73,2026-04-06
LEG-0404,"Piet Almere","Paralegal",LEG,LEG-0404-Q2-26,79f7b56dbfde3314a6b9b8d8d1ac2441d2d855cac7b5b2702f1a47f1a2b8c036,2026-04-07
REC-0501,"Odile Frank","Records Lead",REC,REC-0501-Q1-26,cd6206c82c6a3a0b065eee3863269d4322467e8fdc8d565f307fc1b90f7a1a6d,2026-02-24
REC-0506,"Tao Merrow","Records",REC,REC-0506-Q1-26,f1b3bb99e4758d562bc90ade6fdadd50965138c6e32d2011c0145bfb895f26c6,2026-02-25
REC-0512,"Vesna Holt","Records",REC,REC-0512-Q1-26,3d39251c67c8825346b07f5077402bcd3e38d40bf08cd8568a58ef8574647070,2026-03-30
SLS-0610,"Bo Caraway","Account Executive",SLS,SLS-0610-Q1-26,bd5346cc2777e7a657f148b031aa5302e7e04cf21f51c5956ef06428ca821808,2026-01-28
SLS-0615,"Lila Bunce","Sales Engineer",SLS,SLS-0615-Q1-26,d794516ad18214eb22725af560c9ec9dafae2e68b063a115029e79e7145f5ba5,2026-01-29
SLS-0621,"Rex Amble","Sales",SLS,SLS-0621-Q1-26,5a36371f4e45180059be8b8d69ab27d066ecda180529e56325c731d5947a6643,2026-03-11
SEC-0701,"Fran Tolliver","Security Lead",SEC,SEC-0701-Q1-26,929a9c51d7d7d26315725d6f67ee2a97423c702a25e243d6ad7a4b3abf75bd29,2026-02-09
