employee_id,name,department,md5_hash,last_changed,notes
OE-1102,"Pryce Halloway",Facilities,72c51ea79ee06e0ea3b9eb8044649e77,2026-01-14,""
OE-1145,"Dee Marchetti",Support,40897311d5ecf156407465616d2b3da6,2025-11-02,""
OE-1187,"Sable Okonkwo",Logistics,cda68469c16c1c7e55a7d72f9bff04a0,2025-10-19,""
OE-1201,"Renn Vasquez",QA,4d9072effc9c420901687276e0efed98,2026-02-03,""
OE-1233,"Toma Brill",Sales,b3ed35da0d2845f6f99fd03a5d41af6f,2024-12-08,""
OE-1266,"Ivo Castellanos",Finance,cc3252813c0bb83a293eeaa2f1e537c7,2025-09-27,""
OE-1290,"Merrit Duval",Support,e4a94ff679ae58a7a635b97279a766b6,2025-08-15,""
OE-1312,"Cass Lundergard",Logistics,113326346ea90885466a5e6c3778276b,2026-01-30,""
OE-1344,"Nell Prendergast",QA,d6c665d2f11f4400fbc71a1042679a16,2025-07-11,""
OE-1378,"Obi Ferrers",Sales,3d2f50b1cdf78065a12c8da120bb9227,2025-12-20,""
OE-1402,"Petra Anselm",Facilities,731415c839c3ae0f51a9fb62f989b9e1,2025-06-04,""
OE-1431,"Quill Danvers",Support,1cbbc9e21840c820a8d230f22b97792b,2026-03-01,""
OE-1459,"Rhea Tilling",Finance,afa85b47f977f61922214ae2183bd88f,2025-05-22,""
OE-1470,"Sol Grimaldi",Logistics,5dc62c57f275b9493d7a252d4c1f9233,2025-04-18,""
OE-1503,"Vera Okada",QA,7f6cb4e186cb6e101fb3f4440f4c8abe,2026-02-11,""
OE-1518,"Wes Aurelio",Sales,d6a19b3eae455b84d5e77538b240f090,2025-03-30,""
OE-1544,"Yara Skeels",Support,a277ce34a36655b5039d5d9cb35d974e,2025-12-05,""
OE-1577,"Zane Whitlock",Facilities,fe78f3efbfa84d8485d589031596c5b8,2025-02-26,""
OE-1601,"Ada Kimura",Finance,d366de28a9fc9e4da3b7d626d8424325,2026-01-09,""
OE-1622,"Bo Castellan",Logistics,d487897d157680873aa63ea4a0920cab,2025-11-28,""
OE-1650,"Cy Marlowe",QA,6a0cbb4fed56ea07538f6fb09df2055f,2025-10-07,""
OE-1688,"Dia Fennimore",Sales,219286810dd717337afaf2a87aa07d55,2026-03-14,""
OE-1712,"Eli Thornbury",Support,6a0e1a97392bde3bc9ddce6dad12c5e7,2025-09-13,""
OE-1745,"Fay Aldridge",Facilities,4fc44ec0fe833dde806bce9bf32a5aa2,2025-08-02,""
OE-1770,"Gus Pemberton",Finance,45aaaa234fc378e4c7e15ca444c099ca,2025-07-19,""
OE-1802,"Hal Ostrander",Logistics,effe23f4e93d4b177831313cda81ecef,2025-06-25,""
OE-1844,"Iris Beddoe",QA,daf64bc03797ef73a51ea11c5f88a530,2026-01-21,""
OE-1871,"Jem Tulloch",Sales,877eaa140ad42c5ac0c1dd6b754cb7fc,2025-05-09,""
OE-1903,"Kip Underwood",Support,f59363017f24ce27d327a1ea4d4bd521,2025-04-27,""
OE-1930,"Lux Pembry",Facilities,079d3430f13558d328cd69fb65a1e587,2025-03-15,""
OE-1966,"Mo Calloway",Finance,c19f4d2815060109dbe7f9995f86ad7b,2025-02-01,""
OE-1988,"Noe Draper",Logistics,c29462b0f775c86075a7698144879f05,2024-11-23,""
OE-2011,"Ora Fitch",QA,d9c83ecb007eabf4c1077ca0f36d06e4,2024-10-10,""
OE-2049,"Pax Gilman",Sales,28b3121ffc5a29c0a153bae8ef55af43,2024-09-06,""
OE-2073,"Rue Hathaway",Support,dd85641c28bfd5bae3047879853d4a33,2024-08-29,""
OE-2110,"Sky Pearce",Facilities,8c6fe1173dba973b07b775e4a6c08991,2024-07-17,""
OE-2148,"Tess Rourke",Finance,0e9bb3a0eff96690b1e9badd73b99219,2024-06-11,""
OE-2190,"Uma Sinclair",Logistics,3bea43e9d91fc7bd5362f232a12e4370,2024-05-04,""
OE-0451,"Marguerite Vale",Executive,e394dd181671339b80eb91acd15cbb12,2026-01-05,"vault seal = personal password (IT policy EX-3)"
